"Name","Address","Date","Time","Note"
"간사이공항 도착","Kansai International Airport Terminal 1","9.30","12:00","수신 항공권: 9/30 LJ233 인천 T2 10:10 → 간사이 T1 12:00. 당일 변경은 항공사 확인. / 입국·세관QR을 준비하고 도착층AEON 수수료0엔 확인 우선, 세븐은행 대안. 실제수수료는ATM최종화면 확인. / 이미 지정된14:05 α8호·1호차1/2번을 개인 티켓화면에서 확인하세요. / 입국 라피트9/30 α8호14:05→14:43,성인2명·1호차1·2번 좌석 지정 확인.13:45~13:50에는 난카이 개찰구에 도착할 계획. 실제 개인 티켓화면을 사용."
"호텔 체크인","Hearton Hotel Shinsaibashi Nagahoridouri 1-5-11 Shinmachi Osaka","9.30","15:20","하톤 호텔 신사이바시 나가호리도우리. 본점과 다른 호텔입니다. / 大阪市西区新町1-5-11 · 06-7166-1111 / 예약서: 9/30~10/3, 스탠더드 트윈·2명·조식 없음. 체크인15시, 체크아웃11시 전. 10/3 짐 보관은 체크인 때 호텔에 요청하고 확인하세요. / 라피트α8호14:05공항→14:43난바,1호차1·2번 지정 확인(수신 화면). 캐리어 도보30~35분+출구 이동, 체크인 후 짧게 쉬어요."
"준도야 신사이바시","Ramen Zundouya Shinsaibashi 1-5-7 Osaka","9.30","15:40","추천: 기본 돈코츠 라멘에 취향에 맞게 반숙 달걀 추가. / 예산: 1인 1,000~1,500엔 정도(계획용). 저녁을 위해 사이드는 생략해요. / 도착이 늦어지면 이 끼니를 빼고 아지노야 저녁을 지키세요. / 16:10까지 식사 마무리 목표. 입국이 지연되면 이 라멘 또는 선택 쇼핑을 생략하세요."
"HOKA 신사이바시 · 신발 시착","HOKA OSAKA SHINSAIBASHI 南船場3-5-11","9.30","16:25","南船場3-5-11 心斎橋フロントビル. 11~20시·부정기 휴무(매장 보도 기준). / 여행에서 신을 용도·발볼을 직원에게 설명하고 두 발로 걸어 보세요. CLIFTON·BONDI 등은 시착 비교 후보, 현재 재고·일본 최저가 보장은 아닙니다. / 시착 대기가 길면 PARCO를 한 매장만 방문. 결제 전 토스 카드 브랜드와 면세 조건을 확인하세요."
"PARCO · 포터 & 휴먼메이드","Shinsaibashi PARCO Osaka","9.30","17:00","17:00~17:25 1층 포터·휴먼메이드 중 관심 매장 위주. / 앞선 호카 시착이 길어지면 두 매장 중 한 곳만. / 17:25 출발. 살로몬이 필요 없으면 코메효로 바로 이동."
"살로몬 신사이바시 · 선택","サロモンストア 大阪 心斎橋 心斎橋筋1-3-15","9.30","17:35","心斎橋筋1-3-15. 11~20시·부정기 휴무(공식 안내). / 1층 스포츠, 2층 SPORTSTYLE. XT-6 등은 스타일 시착 후보이며 현재 색상·사이즈 재고는 미확인. / 호카 구매·PARCO 대기가 길면 생략. 같은 날 두 브랜드 구매가 필수는 아닙니다."
"코메효 · 중고 명품 둘러보기","KOMEHYO OSAKA SHINSAIBASHI 心斎橋筋2-1-23","9.30","18:00","心斎橋筋2-1-23. OSAKA SHINSAIBASHI 지점, 11~20시. 1·2층 판매 / 3층 매입. / 샤넬·루이비통·에르메스 등은 취급 브랜드 참고. 현재 상품 보장은 아닙니다. 모서리·손잡이·내부·냄새·부속품·상태등급을 직접 확인하세요. / 실제 질집이 궁금하면 아래 다이코쿠야 대안을 선택. 두 곳을 모두 길게 돌면 저녁에 늦으니 한 곳에 집중."
"신사이바시 → 도톤보리","Glico Sign Dotonbori Osaka","9.30","18:30","코메효에서 남쪽으로 도톤보리 방향. 글리코 사진은 짧게. / 18:45 저녁을 우선하고 줄이 길면 아지노야 공식 대안·주변 식사를 확인. / 저녁 뒤 리쿠로 포장과 호젠지 골목 산책."
"아지노야 본점","Ajinoya Honten 1-7-16 Namba Osaka","9.30","18:45","공식 사이트에서 돼지고기 오코노미야키는 확인. 돼지고기만 넣은 야키소바가 가능한지는 직원에게 주문 전 확인. 믹스 야키소바는 새우·오징어·문어가 들어가므로 주문하지 않아요. / 대표님은 비린 맛을 싫어해 해산물 토핑·가쓰오부시·해물 육수 여부를 직원에게 확인하고 원치 않으면 빼 달라고 요청. 돼지고기 오코노미야키만 먹어도 충분해요. / 본점은 건물2층, 공식 영업 수요일11:00~22:00. 예약 대신 TableCheck FastPass는 유료일 수 있으니 조건·대기·비용을 확인. 당일 줄이 길면 다른 고기 식사로 대체하고20:15 크루즈 선착장 우선. / 예산1인1,500~2,500엔은 계획액일 뿐. 실제 메뉴·가격·카드 브랜드는 현장 확인. 예전 안내의 551호라이 해물 야키소바 대안은 취향 때문에 제외."
"리쿠로 난바 본점","Rikuro Ojisan Namba Main Branch 3-2-28 Osaka","9.30","19:55","추천: 갓 구운 치즈케이크. 둘이 나눠 먹기 좋은 포장 간식. / 1층 판매 09:00~20:00. 2층 카페와 영업시간이 달라요. / 포장할 때 보관 방법을 확인하고 오래 들고 다니지 마세요. / 포장 줄이 길면 생략하고20:15 크루즈 선착장 도착을 우선."
"도톤보리 · 톰보리 리버 크루즈","とんぼりリバークルーズ 太左衛門橋船着場","9.30","20:30","9/30 20:30·성인2명·톰보리 리버 크루즈를 선택. 약20분, 성인2,000엔/인. 실제 빈자리·운항은 구매 화면에서 확인. / 공식 페이지의 ご予約・空席情報 → 톰보리 상품 → 날짜9/30 →20:30 →성인2명 →금액·취소조건 확인 후 직접 구매. 재즈보트·다른 날짜와 구분. / 돈키호테 도톤보리점 노란 관람차 아래, 강 북쪽 출입구 동쪽 태자에몬바시 선착장. 온라인 예약이면 카운터 접수 없이15분 전 선착장(공식). / 입국·저녁 대기가 길면20:30편을 무리해서 타지 마세요. 결제 전 취소조건을 확인하고, 만석/기상 운휴면 강변 산책으로 대체."
"호텔에서 편의점 야식","Hearton Hotel Shinsaibashi Nagahoridouri 1-5-11 Shinmachi Osaka","9.30","21:30","호텔 가까운 편의점에서 구입 후 바로 숙소로. / 저녁과 디저트를 충분히 먹었다면 야식은 배고플 때만 소량 선택. / 사진 간식 목록에서 일본어 상품명과 진열 위치를 확인하세요."
"호텔 출발 → 우메다","Umeda Station Osaka Metro","10.1","10:00","호텔에서 신사이바시역 도보 약 5분. 신오사카·에사카 방면 탑승. / M19 신사이바시 → M16 우메다. 전철 약 7분, 역내 이동 포함 25~35분 계획. / 오사카역앞 제3빌딩 지하 2층 선샤인으로 가요. 2025년 이전한 주소입니다."
"킷사 선샤인 · 아침","喫茶サンシャイン 大阪駅前第3ビル B2-89","10.1","10:35","주소: 梅田1-1-3 大阪駅前第3ビル B2-89. / 평일 07:30~19:45. 모닝 메뉴는 11시까지라 대기 시 놓칠 수 있어요. / 모닝을 놓치면 일반 식사 메뉴로 주문. 1인 1,000~1,600엔 계획."
"그루니에 우메다 · 첫 디저트","grenier 梅田 角田町8-47","10.1","11:30","阪急グランドビル 1층 · 10:00~20:00. / 포장 전문, 앉아 쉬는 카페가 아닙니다. 매장 안내에 따라 먹을 장소를 정하세요. / 사진은 공식 구움과자 브랜드 이미지이며 밀푀유 사진은 아닙니다."
"한큐 우메다 · SORA 8층","Hankyu Umeda Main Store Osaka","10.1","12:00","한큐 우메다 본점 8층 SORA. 영상 속 호리에점 대신 동선에 맞는 이 지점을 선택. / 아웃도어·일본 기획 의류를 비교하되, 영상 속 브랜드·사이즈의 지점 재고는 직원에게 확인. / 12:35에는 쇼핑을 마치고 한큐삼번가 남관 B2층 KYK로. 층간·도보 이동 15~25분 확보. / 쇼핑 후 여유가 있으면 B1 이신도에서 과일 다이후쿠1~2개 포장. 기존 디저트 대신 선택, 보냉·소비기한은 직원 확인. 공식: https://issindo-osaka.com/shop_info/index2.html"
"돈카츠 KYK 한큐삼번가","とんかつKYK 阪急三番街店 南館B2F","10.1","13:00","한큐삼번가 남관 B2층 · 芝田1-1-3. 11:00~22:30, 주문 마감 21:30. / 간사이 기반 돈카츠 체인입니다. 숨은 맛집이라는 과장 없이 메뉴와 동선으로 골랐어요. / 평일 점심 메뉴 11~14시, 현재 공식 1,280/1,380엔 메뉴. 당일 메뉴 확인."
"루쿠아 · 루쿠아 이레","LUCUA Osaka","10.1","14:00","10:30~20:30 쇼핑 영업시간 기준. / 브랜드 입점과 재고는 방문 직전 공식 층별 안내에서 확인해요. / 14시에는 JR 오사카역 남쪽 다이마루로 이동합니다."
"HARBS 다이마루 우메다","HARBS Daimaru Umeda 6F Osaka","10.1","15:00","다이마루 우메다 6층 카페. 포장 매장과 구분하세요. / 밀크레이프 또는 당일 남은 케이크 + 음료. 품절이면 다른 맛을 선택. / 1인 1,500~2,500엔 계획. 밤보다 이른 오후로 배치했어요."
"하나타코 · 네기마요","はなだこ 角田町9-26 新梅田食道街","10.1","16:15","신우메다식도거리 1층 · 10:00~22:00. / 현금 필요 · 카드 불가 · 예약 불가(공식 상점가 안내). / 영상에서 밤 9시 품절 사례가 있어 낮으로 배치. 대기가 30분 넘으면 저녁 시간을 우선하세요. / 비린 맛이 거슬리면 가쓰오부시·해산물 토핑을 빼 달라고 하고, 문어 자체가 싫으면 간식을 생략."
"한큐삼번가 · 주변 쇼핑","Hankyu Sanbangai Osaka","10.1","16:40","하나타코 대기가 길면16:40 쇼핑 생략.18:00 만료에 늦지 않도록17:15~17:30에는 이동해요. / 16:50~17:30은 쇼핑과 소화 시간. / 만료를 선택하면 히가시우메다 T20 → 미나미모리마치 T21 전철 이동과 도보로 25~35분 확보. / 고리짱 선택 시 도야마초 본점까지 도보 약 10~15분. / 하나타코 줄이 길어 생략했다면 한신 B1 스낵파크 이카야키를 대안으로. 10~22시, 매장내1장187엔 현재 공식 가격. 추가 한 끼가 아니라 타코야키 대체. 카드·예약 지점 확인 전."
"만료 미나미모리마치 · 야키니쿠","万両 南森町店 南森町1-2-14","10.1","18:00","일본어 재방문 기록과 현재 운영을 대조한 후보. 전석 금연. / 월요일 휴무, 화~일 16:00~24:00 기준. 1인 5,000~6,000엔 계획. / 미리 예약 권장. 날짜·2명·18시 빈자리는 확인 전입니다. 아래 고리짱으로 바꿔도 저녁은 한 곳만. / 18:00 저녁 후19:15~19:30 출발, 전망대20:00 도착 목표. 예약시간이 다르면 저녁 우선."
"우메다 스카이빌딩 · 고층 야경","梅田スカイビル 空中庭園展望台 大淀中1-1-88","10.1","20:00","10/1 만료 저녁18:00 계획을 유지하고19:15~19:30 출발, 전망대20:00 도착을 목표로 이동. 이미 예약한 시간이 다르면 식당을 우선하고 전망대를 늦춰요. / 大阪市北区大淀中1-1-88. 9:30~22:30, 마지막입장22:00. 성인2,000엔/인, 현금·신용카드(공식). 악천후 옥상 폐쇄 가능. / JR오사카역 기준 도보7분은 공식 기준. 실제 식당 출발은 Google에서 대중교통 경로를 확인하고20:00을 목표로 이동. / 전망대 전용 입구 → 전용 엘리베이터 →39층 접수 →40층·옥상 안내를 따라요. 사무실용 타워 엘리베이터를 타지 않습니다. / 공식 티켓 구매 →방문일10/1 →성인2명 →기본 입장권 선택. 맥주·자물쇠 묶음은 필요할 때만. 현장39층 구매도 가능. 주유패스 무료입장은15시까지만이라 야경은 무료가 아닙니다."
"호텔 복귀 · 달콤한 마무리","Hearton Hotel Shinsaibashi Nagahoridouri 1-5-11 Shinmachi Osaka","10.1","21:15","전철 이동과 도보 포함 약 30~45분 계획. / 냉장 디저트는 숙소 근처에서 구입하고 바로 먹거나 냉장 보관하세요."
"호텔에서 편의점 야식","Hearton Hotel Shinsaibashi Nagahoridouri 1-5-11 Shinmachi Osaka","10.1","22:00","호텔 가까운 편의점에서 구입 후 바로 숙소로. / 저녁과 디저트를 충분히 먹었다면 야식은 배고플 때만 소량 선택. / 사진 간식 목록에서 일본어 상품명과 진열 위치를 확인하세요."
"호텔 출발 → 도톤보리","純喫茶アメリカン 道頓堀1-7-4","10.2","10:00","호텔에서 순킷사 아메리칸까지 도보 약 15~20분. / 교토 일정이 길어 작은 가방과 편한 신발을 준비하세요."
"순킷사 아메리칸 · 아침","純喫茶アメリカン 道頓堀1-7-4","10.2","10:20","도톤보리1-7-4 · 10:00~22:00. 매월 목요일 3회 휴무, 금요일 일정. / 식사 후 커피와 작은 디저트까지 이곳에서. 아이스크림이 첫 끼가 되지 않아요. / 11:10에는 출발. 줄이 길면 근처 편의점 샌드위치로 아침을 챙기고 이동."
"난바 → 우메다 → 교토","Hankyu Osaka Umeda Station","10.2","11:10","아메리칸에서 지하철 난바역으로 도보 약 5~10분. / 난바 M20 → 우메다 M16, 한큐 오사카우메다까지 환승 도보 10~15분. / 교토가와라마치 약 12:40~13:00 도착 계획. 일반 객차 ICOCA, 지정석 예약 불필요."
"교토가츠규 기요미즈고조자카","牛カツ京都勝牛 清水五条坂店 五条橋東6-583","10.2","13:15","교토가와라마치에서 택시로 五条橋東6-583, 교통 상황 포함 10~20분 계획. / 10:00~19:00, 주문 마감 18:30. 카드·현금 공식 확인. / 관광객도 많이 찾는 체인입니다. 메뉴 취향과 청수사 동선을 위해 선택. 1인 2,000~3,000엔 계획."
"기요미즈데라","Kiyomizu-dera Kyoto","10.2","14:15","식당에서 기요미즈데라 입구까지 오르막 도보 약 15~20분 확보. / 성인 500엔 기준 · 현장 매표, 45~60분 관람. / 10월 초는 단풍 절정이 아닙니다. 계단·오르막이 있어 편한 신발을 신어요."
"산넨자카·니넨자카 · 포터","PORTER EXCHANGE KYOTO 桝屋町349-10","10.2","15:15","산넨자카 → 니넨자카. 15:25~15:45 PORTER EXCHANGE KYOTO에서 약 20분 쇼핑. / 주소 桝屋町349-10 · 10~18시, 부정기 휴무. PORTER STAND와 다른 지점입니다. 입장 대기가 있으면 생략. / 15:45에는 출발. 우메조노까지 도보 약 30분 이상을 계획하고 길이 붐비면 큰길에서 택시 활용."
"우메조노 가와라마치 · 당고","梅園 河原町店 山崎町234-4","10.2","16:15","기온에서 시조대교를 건너 도보 약 20~25분, 이전 골목 쇼핑 시간을 조절하세요. / 山崎町234-4 · 10:30~19:30, 주문 마감 19:20. 당고 단품 현재 600엔. / 말차 소프트가 더 끌리면 기온쓰지리에서 작은 컵을 먹고 이 당고는 선택으로 바꿔요."
"데라마치 · 신쿄고쿠","Teramachi Kyogoku Shopping Arcade Kyoto","10.2","16:50","우메조노에서 도보 약 5~10분. 문구·차·작은 기념품 위주. / 센노카제까지 도보 약 10분. 17:20에는 식당으로 향해요. / 저녁 예약 디저트 시각을 지키기 위해 쇼핑을 길게 늘리지 않습니다."
"센노카제 교토","Ramen Sen no Kaze Kyoto 580 Nakanocho","10.2","17:30","현금 준비 · 예약 불가. 1인 라멘 1개 주문. / 11:30~21:00, 화·수 휴무 기준. 실제 당일 공지를 확인. / 18:30까지 식사를 마칠 수 없을 만큼 줄이 길면 대기하지 말고 가까운 식당으로 전환. 수플레 예약 시각을 우선하세요."
"행복의 팬케이크 교토 · 수플레","幸せのパンケーキ 京都店 伊勢屋町354-1","10.2","18:45","공식 기본 메뉴 현재 1,390엔. 평일 20시 마감, 주문 마감 19:15. / 10/2 예약 창은 14일 전인 9/18부터 확인. 온라인만, 계정 필요. 5분 지각 시 취소. / Google 3.8점이라 무조건 강력 추천은 아닙니다. 대기 부담을 줄이는 예약 전제로, 수플레 취향에 맞춰 선택했어요."
"오사카로 돌아오기","Hearton Hotel Shinsaibashi Nagahoridouri 1-5-11 Shinmachi Osaka","10.2","20:00","한큐 일반 객차로 돌아와 우메다에서 미도스지선 신사이바시 방면. / 호텔 도착 21:30~22:00 계획. 실제 막차에 기대지 않는 귀가 일정. / 수플레가 늦어지면 19:30 이전부터 귀가 열차를 확인하고 출발을 당기세요."
"호텔에서 편의점 야식","Hearton Hotel Shinsaibashi Nagahoridouri 1-5-11 Shinmachi Osaka","10.2","22:00","호텔 가까운 편의점에서 구입 후 바로 숙소로. / 저녁과 디저트를 충분히 먹었다면 야식은 배고플 때만 소량 선택. / 사진 간식 목록에서 일본어 상품명과 진열 위치를 확인하세요."
"체크아웃 · 짐 보관","Hearton Hotel Shinsaibashi Nagahoridouri 1-5-11 Shinmachi Osaka","10.3","10:00","짐을 정리한 뒤 10시 체크아웃. 아침은 시장에서 먹어요. / 오늘15:00에 짐을 찾겠다고 프런트에 말하고 보관 가능 여부·보관표 확인. / 여권·귀중품·오늘 필요한 물건은 작은 가방에."
"쿠로몬시장 · 고기 아침과 와라비모치","黒門バーガー誠屋 日本橋2-3-19","10.3","10:25","비린 맛이 강한 음식은 피하고 익힌 고기 중심. 기본 아침은 쿠로몬 버거 마코토야(黒門バーガー誠屋), 日本橋2-3-19의 소고기 버거. 공식 시장 안내: 국산 소고기100%, 일반·미니버거·테리야키버거 취급, 매장 식사 가능. / 공식 안내 영업10:00~18:30, 수·일17:00까지, 주로 화요일 등 부정기 휴무.10/3 토요일 방문 계획. 계산대에서 메뉴·가격·예상 대기를 확인하고 주문. 카드 브랜드·가격은 확인 전이라 현금 준비. 줄이 길면 포장하거나 시장 아침을 단축. / 디저트는 쿠로몬 미토야(黒門三都屋), 日本橋1-22-21의 검은 와라비모치(黒わらび餅) 한 팩을 둘이 나누거나 포장. 공식 영업9:30~18:00, 가격·당일 재고·결제수단 현장 확인.10:55 출발을 지키기 위해 여유 있을 때만. / 버거보다 고기꼬치가 끌리면 규초(牛兆 黒門店), 日本橋1-22-26으로 대체. 공식 시장 안내에서 꼬치구이·9:00~18:50경 확인. 현장 조리시간·종류·가격·카드 확인, 한 끼를 여러 식당으로 늘리지 않아요. / 초밥은 대표님이 먹고 싶을 때만 선택. 회덮밥·성게·굴·고등어회를 기본 주문으로 넣지 않아요. 버거·꼬치와 디저트도 무리해서 전부 먹지 않습니다. 시장은 생선가게가 많아 냄새가 불편하면 체류를 줄이고 오사카성으로 이동."
"오사카성 · 천수각과 공원","大阪城天守閣","10.3","11:40","쿠로몬시장 아침10:25~10:55 후 닛폰바시→사카이스지혼마치(사카이스지선)→모리노미야(주오선). 역에서 천수각까지 공원 도보20~25분은 계획 추정. Google 대중교통 경로·당일 시간을 확인. / 천수각9~18시(입장17:30까지), 성인1,200엔/인. 공원 일반 산책만이면 천수각 입장권은 필요 없습니다. / 12:35 천수각 출발 → JO-TERRACE까지 공원 도보20~25분 계획. 귀국일이라 긴 입장줄이면 천수각 내부를 생략하고 외관·공원 사진만. / 공식 사이트 チケット購入 →기본권·10/3·성인2명 확인. 현장 구매도 가능. 날짜·유효조건·실제결제수단은 구매화면 확인."
"와나카 오사카성공원점 · 점심","たこ焼道楽わなか 大阪城公園店 JO-TERRACE OSAKA","10.3","13:00","JO-TERRACE OSAKA F102, 大阪城3-1. 11~18시(주문17:30), 월요일휴무·행사일 변동(공식시설 안내).10/3 토요일 방문 계획. / 공식시설 안내에 타코야키·오코노미야키·야키소바 취급. 가격·결제 브랜드·당일 메뉴는 현장 확인. 기존 텐동 마키노는 이번 귀국일 기본코스에서 제외. / 14시대 PARCO·호텔 복귀를 위해13:40에는 식사를 마무리. 대기가 길면 같은 JO-TERRACE의 식사 가능한 매장으로 대체. / 타코야키에 가쓰오부시를 뿌리지 말아 달라고 요청. 문어 맛도 맞지 않으면 다른 점심으로 바꾸고13:40 출발 계획 유지."
"PARCO 쇼핑 · 마루후쿠 커피","丸福珈琲店 心斎橋PARCO 4F","10.3","14:15","오사카성공원역→JR모리노미야→나가호리쓰루미료쿠치선 신사이바시. 이동·환승 포함35~45분 계획. 실제 경로는 지도 확인. 늦으면 쇼핑·커피를 생략하고 호텔로. / 오사카성에서 전철로 신사이바시 복귀. 난바에서 오면 미도스지선 한 정거장, 실제출발지 경로 확인. / PARCO 1층 포터·휴먼메이드, 2층 오니츠카, 3층 UNITED ARROWS 중 1~2곳만. 카페는 4층. / 14:45에는PARCO를 나와 호텔로 이동. 카페 줄이 길면 음료 포장 또는 생략."
"호텔에서 짐 찾기","Hearton Hotel Shinsaibashi Nagahoridouri 1-5-11 Shinmachi Osaka","10.3","15:00","15:00 보관표로 짐 회수·짐 정리. 보관 가능 여부는 체크인 때 확인. / 15:10 호텔에서 택시 출발 → 난카이 난바역. 교통·역 내부 이동을 포함해15:40 역 도착 목표. / 16:05 열차를 놓치면 여유가 줄어드니15:40부터 새 쇼핑을 시작하지 마세요. 여유 우선이면15:35편을 고르고14:30짐회수·14:40호텔출발."
"라피트 → 간사이공항","Kansai Airport Station Nankai","10.3","16:05","수신 현재 승차권 화면:10/3 라피트α29호 난바16:05→공항16:41,성인2명·2호차17·18번 좌석 지정 확인. 항공사/철도 실시간 재조회 아님. / 귀국편 구매·좌석 지정 확인됨. 다시 구매하지 말고 수신 바우처의 개인 링크에서 날짜·방향·2명·실제QR을 열어요. / 16:41역도착→T1 2F연결통로→4F국제선, 약17:00카운터 도착 계획.19:15LJ240까지 약2시간15분, 지연·수속줄 대비 여유는15:35→16:12편이 더 큽니다. / 15:40 난카이 난바역 도착 목표.2호차 탑승 위치와17·18번 좌석 확인. 일정 변경이 필요하면 상품의 변경 조건을 개인 티켓에서 확인."
"인천으로 출발","Kansai International Airport Terminal 1","10.3","19:15","수신 항공권: LJ240 간사이 T1 19:15 → 인천 T2 21:05. 위탁15kg/인(예약서 기준). / 16:41공항역→약17:00T1국제선 카운터 도착 계획. 항공사 체크인 마감·당일 전광판 확인. / 온라인 체크인·수하물·탑승 시작 시각은 진에어와 탑승권에서 확인하세요."
"HOKA OSAKA SHINSAIBASHI","大阪市中央区南船場3-5-11","9/30 16:25 · 첫날 방문","선택","걷기용 신발 시착. CLIFTON·BONDI는 비교 후보, 재고 미확인. / 16:50에는 나와 PARCO로. 카드·면세 조건은 현장 확인. 현재 Google 점수는 아래 지도에서 확인하세요."
"SALOMON STORE OSAKA SHINSAIBASHI","大阪市中央区心斎橋筋1-3-15","9/30 17:35 · 시간이 남으면","선택","XT-6 등 라이프스타일 신발은 시착 비교 후보. 색상·사이즈 현재 재고 미확인. / 호카·PARCO가 늦어지면 생략하고 코메효로. 브랜드가 일본 브랜드이거나 일본이 무조건 저렴하다는 뜻은 아닙니다. 카드·면세는 직원 확인."
"KOMEHYO OSAKA SHINSAIBASHI","大阪市中央区心斎橋筋2-1-23","9/30 18:00 · 중고 명품 기본안","선택","중고 가방·지갑·시계·장신구. Visa·Mastercard·Amex·JCB·현금 등(공식 안내). / 18:20까지 보고 도톤보리 저녁으로. 코메효는 리유스 판매점. 상태등급·수선이력·부속품·최종 면세액·교환반품 조건을 확인. 실시간 재고·가치 상승은 보장하지 않아요."
"大黒屋 心斎橋店 · 다이코쿠야","大阪市中央区心斎橋筋1-4-7","9/30 · 코메효 대신 또는 짧은 비교","선택","실제 질집의 중고 명품 판매 매장. 가방·지갑·시계·장신구. / 동명 다른 회사의 브랜드관(2-6-1)과 구분. 코메효를 대신하거나 살로몬을 생략한 시간에만 비교. 카드·면세 조건 공식 지점 확인 전, 직원에게 확인. 예약 없이 구경, 현재 대기·재고 미확인."
"PORTER EXCHANGE OSAKA","大阪市中央区心斎橋筋1-8-3 心斎橋PARCO 1F","9/30 17:00 · PARCO","선택","요시다 포터 가방·파우치, TANKER와 PX 라인 비교. / 17:00~17:25 휴먼메이드와 함께. 기다림이 길면 한 매장만, 나머지는10/3 선택. 현재 재고는 현장에서 확인."
"HUMAN MADE SHINSAIBASHI PARCO","大阪市中央区心斎橋筋1-8-3 心斎橋PARCO 1F","9/30 17:00 · 포터와 함께","선택","티셔츠·모자·작은 잡화 위주로 취향과 사이즈 확인. / 영상 촬영 뒤 2026년 7월 25일 확장 리뉴얼 1차 오픈. 영상의 작은 매장 설명과 현재 모습이 다를 수 있어요. 줄이 길면 10/3 13시 PARCO 시간에 재확인."
"SORA 阪急うめだ本店","大阪市北区角田町8-7 阪急うめだ本店8F","10/1 12:00 · 한큐 쇼핑 시간","선택","아웃도어·캐주얼 편집숍. 관심 브랜드와 일본 기획 제품이 있는지 직원에게 확인. / 영상의 SORA 호리에점과 다른 지점입니다. 12:00~12:35 둘러본 뒤 삼번가 돈카츠 점심으로 이동. 퍼플라벨·orslow 등 영상 속 상품의 이 지점 재고는 미확인."
"BEAMS 梅田","大阪府大阪市北区梅田3-1-3 ルクア大阪3F","10/1 우메다 LUCUA","선택","캐주얼 의류·수트·액세서리·잡화, 일본 BEAMS 자체기획 확인 / 10/1 14:00~14:40 의류·잡화 중 관심 품목 하나에 집중. HARBS 15시 카페 시간을 남겨요."
"PORTER EXCHANGE KYOTO","京都市東山区桝屋町349-10","10/2 15:15 · 니넨자카 산책 중 선택","선택","교토 골목의 요시다 포터 매장. 가방과 파우치, TANKER 라인 비교. / 산넨자카에서 내려오며 15:25~15:45 약 20분. 입장 대기가 있으면 생략하고 16:15 당고로 이동. PORTER STAND KYOTO와 다른 매장이니 지도 이름·주소를 확인해요."
"Onitsuka Tiger 心斎橋PARCO","大阪府大阪市中央区心斎橋筋1-8-3 心斎橋PARCO 2F","10/3 13시 · PARCO에서 선택","선택","신발·남녀 의류, NIPPON MADE·THE ONITSUKA / 1층 포터·휴먼메이드를 다시 볼지, 2층 신발을 볼지 먼저 정해요. 쇼핑과 카페를 합쳐 14:45까지."
"UNITED ARROWS 心斎橋PARCO","大阪府大阪市中央区心斎橋筋1-8-3 心斎橋PARCO 3F","10/3 13시 · PARCO에서 선택","선택","남녀 의류·패션잡화; 일본 자체기획과 해외 셀렉션 혼재 / 의류가 목적이면 3층을 선택. 모든 층을 다 돌기보다 관심 매장 1~2곳만 방문해요."
"UNIQLO 心斎橋筋商店街店","大阪府大阪市中央区心斎橋筋2-1-17","호텔 인근 신사이바시 쇼핑","선택","여성·남성·키즈·베이비 의류 / 기존 상점가 산책 중 필요한 기본 의류가 있을 때. PARCO 모든 매장과 함께 방문해야 하는 코스는 아닙니다."
"mont-bell なんばCITY店","大阪市中央区難波5-1-60 なんばCITY南館地下1F","10/3 오전 · 와나카·마지막 쇼핑을 대체할 때만","선택","일본 아웃도어 의류·가벼운 파우치·여행 소품. 현금·Visa·Mastercard·ICOCA, 면세 가능(공식 안내). / 몽벨이 우선이면 구로몬 아침을 11시까지 마치고 도보 약 15~20분 이동. 11:20~11:40 쇼핑 후 12시 마키노 점심으로. 와나카와 11:45 쇼핑은 생략하고, 도착이 늦으면 몽벨도 생략합니다."